{
 "cards": [
  {
   "card": "Total Employees"
  },
  {
   "card": "New Hires (This Year)"
  },
  {
   "card": "Employee Exits (This Year)"
  },
  {
   "card": "Employees Joining (Next Quarter)"
  },
  {
   "card": "Employees Relieving (Next Quarter)"
  }
 ],
 "charts": [
  {
   "chart": "Hiring vs Attrition Count",
   "width": "Full"
  },
  {
   "chart": "Employees by Age",
   "width": "Full"
  },
  {
   "chart": "Gender Diversity Ratio",
   "width": "Half"
  },
  {
   "chart": "Employees by Type",
   "width": "Half"
  },
  {
   "chart": "Employees by Grade",
   "width": "Half"
  },
  {
   "chart": "Employees by Branch",
   "width": "Half"
  },
  {
   "chart": "Designation Wise Employee Count",
   "width": "Half"
  },
  {
   "chart": "Department Wise Employee Count",
   "width": "Half"
  }
 ],
 "creation": "2020-07-22 11:56:33.015888",
 "dashboard_name": "Human Resource",
 "docstatus": 0,
 "doctype": "Dashboard",
 "idx": 0,
 "is_default": 0,
 "is_standard": 1,
 "modified": "2022-08-22 19:10:33.594097",
 "modified_by": "Administrator",
 "module": "HR",
 "name": "Human Resource",
 "owner": "Administrator"
}