{
 "actions": [],
 "autoname": "hash",
 "creation": "2013-02-22 01:27:44",
 "doctype": "DocType",
 "editable_grid": 1,
 "engine": "InnoDB",
 "field_order": [
  "key_result_area",
  "per_weightage"
 ],
 "fields": [
  {
   "fieldname": "per_weightage",
   "fieldtype": "Percent",
   "in_list_view": 1,
   "label": "Weightage (%)",
   "oldfieldname": "per_weightage",
   "oldfieldtype": "Currency",
   "print_width": "100px",
   "reqd": 1,
   "width": "100px"
  },
  {
   "description": "Key Result Area",
   "fieldname": "key_result_area",
   "fieldtype": "Link",
   "in_list_view": 1,
   "label": "KRA",
   "options": "KRA",
   "reqd": 1
  }
 ],
 "idx": 1,
 "istable": 1,
 "links": [],
 "modified": "2023-04-17 17:01:46.294286",
 "modified_by": "Administrator",
 "module": "HR",
 "name": "Appraisal Template Goal",
 "naming_rule": "Random",
 "owner": "Administrator",
 "permissions": [],
 "sort_field": "modified",
 "sort_order": "DESC",
 "states": []
}