{
 "actions": [],
 "creation": "2016-08-08 05:33:39.965305",
 "doctype": "DocType",
 "editable_grid": 1,
 "engine": "InnoDB",
 "field_order": [
  "employee",
  "employee_name",
  "department",
  "column_break_3",
  "status",
  "attendance",
  "is_mandatory"
 ],
 "fields": [
  {
   "fieldname": "employee",
   "fieldtype": "Link",
   "in_list_view": 1,
   "label": "Employee",
   "no_copy": 1,
   "options": "Employee"
  },
  {
   "fetch_from": "employee.employee_name",
   "fieldname": "employee_name",
   "fieldtype": "Read Only",
   "label": "Employee Name"
  },
  {
   "fetch_from": "employee.department",
   "fieldname": "department",
   "fieldtype": "Link",
   "label": "Department",
   "options": "Department",
   "read_only": 1
  },
  {
   "fieldname": "column_break_3",
   "fieldtype": "Column Break"
  },
  {
   "allow_on_submit": 1,
   "default": "Open",
   "fieldname": "status",
   "fieldtype": "Select",
   "in_list_view": 1,
   "label": "Status",
   "no_copy": 1,
   "options": "Open\nInvited\nCompleted\nFeedback Submitted"
  },
  {
   "fieldname": "attendance",
   "fieldtype": "Select",
   "in_list_view": 1,
   "label": "Attendance",
   "options": "Present\nAbsent"
  },
  {
   "columns": 2,
   "default": "1",
   "fieldname": "is_mandatory",
   "fieldtype": "Check",
   "in_list_view": 1,
   "label": "Is Mandatory"
  }
 ],
 "index_web_pages_for_search": 1,
 "istable": 1,
 "links": [],
 "modified": "2021-07-02 17:20:27.630176",
 "modified_by": "Administrator",
 "module": "HR",
 "name": "Training Event Employee",
 "owner": "Administrator",
 "permissions": [],
 "quick_entry": 1,
 "sort_field": "modified",
 "sort_order": "DESC"
}