{
 "actions": [],
 "creation": "2021-06-28 13:32:02.167317",
 "doctype": "DocType",
 "editable_grid": 1,
 "engine": "InnoDB",
 "field_order": [
  "component",
  "reference_document_type",
  "reference_document",
  "account",
  "paid_via_salary_slip",
  "column_break_4",
  "amount",
  "status",
  "remark"
 ],
 "fields": [
  {
   "fieldname": "column_break_4",
   "fieldtype": "Column Break"
  },
  {
   "columns": 2,
   "default": "Unsettled",
   "fieldname": "status",
   "fieldtype": "Select",
   "in_list_view": 1,
   "label": "Status",
   "options": "Settled\nUnsettled"
  },
  {
   "fieldname": "remark",
   "fieldtype": "Small Text",
   "label": "Remark"
  },
  {
   "columns": 2,
   "depends_on": "reference_document_type",
   "fieldname": "reference_document",
   "fieldtype": "Dynamic Link",
   "in_list_view": 1,
   "label": "Reference Document",
   "mandatory_depends_on": "reference_document_type",
   "options": "reference_document_type",
   "search_index": 1
  },
  {
   "columns": 2,
   "fieldname": "component",
   "fieldtype": "Data",
   "in_list_view": 1,
   "label": "Component",
   "reqd": 1
  },
  {
   "fieldname": "account",
   "fieldtype": "Link",
   "label": "Account",
   "options": "Account"
  },
  {
   "columns": 2,
   "fieldname": "amount",
   "fieldtype": "Currency",
   "in_list_view": 1,
   "label": "Amount"
  },
  {
   "columns": 2,
   "fieldname": "reference_document_type",
   "fieldtype": "Link",
   "in_list_view": 1,
   "label": "Reference Document Type",
   "options": "DocType"
  },
  {
   "default": "0",
   "fieldname": "paid_via_salary_slip",
   "fieldtype": "Check",
   "label": "Paid via Salary Slip"
  }
 ],
 "index_web_pages_for_search": 1,
 "istable": 1,
 "links": [],
 "modified": "2021-07-20 16:59:34.447934",
 "modified_by": "Administrator",
 "module": "HR",
 "name": "Full and Final Outstanding Statement",
 "owner": "Administrator",
 "permissions": [],
 "sort_field": "modified",
 "sort_order": "DESC",
 "track_changes": 1
}