{
 "cards": [
  {
   "card": "Job Openings"
  },
  {
   "card": "Total Applicants (This month)"
  },
  {
   "card": "Accepted Job Applicants"
  },
  {
   "card": "Rejected Job Applicants"
  },
  {
   "card": "Job Offers (This Month)"
  },
  {
   "card": "Applicant-to-Hire Percentage"
  },
  {
   "card": "Job Offer Acceptance Rate"
  },
  {
   "card": "Time to Fill"
  }
 ],
 "charts": [
  {
   "chart": "Job Applicant Pipeline",
   "width": "Half"
  },
  {
   "chart": "Job Applicant Source",
   "width": "Half"
  },
  {
   "chart": "Job Applicants by Country",
   "width": "Half"
  },
  {
   "chart": "Job Application Status",
   "width": "Half"
  },
  {
   "chart": "Job Offer Status",
   "width": "Half"
  },
  {
   "chart": "Interview Status",
   "width": "Half"
  },
  {
   "chart": "Job Application Frequency",
   "width": "Full"
  },
  {
   "chart": "Department Wise Openings",
   "width": "Half"
  },
  {
   "chart": "Designation Wise Openings",
   "width": "Half"
  }
 ],
 "creation": "2022-08-20 21:07:07.337973",
 "dashboard_name": "Recruitment",
 "docstatus": 0,
 "doctype": "Dashboard",
 "idx": 0,
 "is_default": 0,
 "is_standard": 1,
 "modified": "2022-08-29 23:28:26.765572",
 "modified_by": "Administrator",
 "module": "HR",
 "name": "Recruitment",
 "owner": "Administrator"
}