{
 "cards": [
  {
   "card": "Onboardings (This Month)"
  },
  {
   "card": "Separations (This Month)"
  },
  {
   "card": "Promotions (This Month)"
  },
  {
   "card": "Transfers (This Month)"
  },
  {
   "card": "Trainings (This Month)"
  }
 ],
 "charts": [
  {
   "chart": "Grievance Type",
   "width": "Half"
  },
  {
   "chart": "Training Type",
   "width": "Half"
  },
  {
   "chart": "Y-O-Y Transfers",
   "width": "Half"
  },
  {
   "chart": "Y-O-Y Promotions",
   "width": "Half"
  }
 ],
 "creation": "2022-08-21 12:07:21.614561",
 "dashboard_name": "Employee Lifecycle",
 "docstatus": 0,
 "doctype": "Dashboard",
 "idx": 0,
 "is_default": 0,
 "is_standard": 1,
 "modified": "2022-08-22 11:05:25.627559",
 "modified_by": "Administrator",
 "module": "HR",
 "name": "Employee Lifecycle",
 "owner": "Administrator"
}