{
 "cards": [
  {
   "card": "Total Present (This Month)"
  },
  {
   "card": "Total Absent (This Month)"
  },
  {
   "card": "Late Entry (This Month)"
  },
  {
   "card": "Early Exit (This Month)"
  }
 ],
 "charts": [
  {
   "chart": "Attendance Count",
   "width": "Full"
  },
  {
   "chart": "Timesheet Activity Breakup",
   "width": "Half"
  },
  {
   "chart": "Shift Assignment Breakup",
   "width": "Half"
  },
  {
   "chart": "Department wise Timesheet Hours",
   "width": "Full"
  }
 ],
 "creation": "2022-08-21 14:13:18.835357",
 "dashboard_name": "Attendance",
 "docstatus": 0,
 "doctype": "Dashboard",
 "idx": 0,
 "is_default": 0,
 "is_standard": 1,
 "modified": "2022-08-21 18:12:38.531243",
 "modified_by": "Administrator",
 "module": "HR",
 "name": "Attendance",
 "owner": "Administrator"
}